film_code,total_sales
1554,61526541000.0
1493,57855815995.0
1484,53465047991.0
1481,46823010990.0
1483,40802454989.0
1482,40668682997.0
1485,37174554997.0
1556,28846680000.0
1494,28158054990.0
1576,25907089000.0
